{"cameraMode":{"drawMode":0,"name":"Shaded","section":"Shading Mode"},"sceneLighting":false,"audioPlay":false,"sceneViewState":{"showFog":true,"showMaterialUpdate":false,"showSkybox":true,"showFlares":true,"showImageEffects":true,"showParticleSystems":true},"in2DMode":false,"pivot":{"x":-3.5377755165100099,"y":2.5712099075317385,"z":-5.539407730102539},"rotation":{"x":-0.3808553218841553,"y":0.03356700390577316,"z":-0.013834080658853054,"w":-0.9239215850830078},"size":16.826967239379884,"orthographic":false}