{"cameraMode":{"drawMode":0,"name":"Shaded","section":"Shading Mode"},"sceneLighting":false,"audioPlay":false,"sceneViewState":{"showFog":true,"showMaterialUpdate":false,"showSkybox":true,"showFlares":true,"showImageEffects":true,"showParticleSystems":true},"in2DMode":false,"pivot":{"x":-2.714873790740967,"y":2.607065200805664,"z":-5.472479820251465},"rotation":{"x":-0.37971848249435427,"y":0.0016791668022051454,"z":-0.000686459883581847,"w":-0.9251003265380859},"size":16.826967239379884,"orthographic":false}